Avg_Spend,Frequency,Time_Spent
54.96714153011233,4.3993554365860002,23.248217250256182
48.32434654765788,3.2314535435656565,54.344354677754356
56.43655476787687,4.6547657678658543,67.453565476576585

