Cuota,Interes,Amortizacion,Saldo Restante
1,0.008333333333333333,1.9966694432870664,8.003330556712934
2,0.006669442130594111,1.9983333344898055,6.004997222223128
3,0.005004164351852606,1.9999986122685471,4.004998609954582
4,0.003337498841628818,2.0016652777787707,2.003333332175811
5,0.0016694444434798422,2.00333333217692,-1.1088907569956064e-12
